gene,abs_coef
19997,0.2726316521291806
13698,0.22937027583344405
8335,0.2246317792569835
16584,0.22327104704533202
5071,0.21719102367297188
787,0.21362481847232762
57491,0.21138612113556296
597,0.2100730166436451
33768,0.20729114533273355
27192,0.20552195663897882
