gene,importance
8553,0.0040431043991236764
26594,0.0036336568139726765
10716,0.003110854590421346
3645,0.003049309264378999
56576,0.0028040391324968255
597,0.002733905728205663
10277,0.002641031315162513
3265,0.0025770117157750154
10905,0.0023812274829569055
965,0.002318103168914116
