{
  "survival_c_index": null,
  "clf_auroc": null,
  "hbv_lr": {
    "auc": 0.698476343223737,
    "f1": 0.5098039215686274,
    "acc": 0.6527777777777778,
    "cm": [
      [
        34,
        9
      ],
      [
        16,
        13
      ]
    ]
  },
  "hbv_rf": {
    "auc": 0.6848436246992783,
    "f1": 0.23529411764705882,
    "acc": 0.6388888888888888,
    "cm": [
      [
        42,
        1
      ],
      [
        25,
        4
      ]
    ]
  }
}