{
  "LinearSVM_cal": {
    "thr": 0.24219133391434053,
    "f1": 0.6363636363636364,
    "acc": 0.5555555555555556,
    "bacc": 0.6222935044105854,
    "auc": 0.7072975140336809,
    "ap": 0.6158483568731483,
    "cm": [
      [
        12,
        31
      ],
      [
        1,
        28
      ]
    ],
    "model": "LinearSVM_cal"
  },
  "SVM_RBF": {
    "thr": 0.3994019368843584,
    "f1": 0.6440677966101694,
    "acc": 0.7083333333333334,
    "bacc": 0.6996792301523657,
    "auc": 0.7177225340817963,
    "ap": 0.6288809422477946,
    "cm": [
      [
        32,
        11
      ],
      [
        10,
        19
      ]
    ],
    "model": "SVM_RBF"
  }
}