gene,coef
ENSG00000204764.14,-0.029123258005570384
ENSG00000284377.1,0.028184339585075744
ENSG00000113296.14,0.02633780532872177
ENSG00000277837.1,0.026311308252193057
ENSG00000174473.16,0.02579023386806736
ENSG00000236816.3,-0.025766563958310378
ENSG00000236008.3,0.025560757306858018
ENSG00000120659.15,-0.025311742612372953
ENSG00000058404.20,0.0249584881387207
ENSG00000043355.12,-0.024868435591609728
